design,seed,method,k_hat,k_oracle,k_star,rmse_hat,rmse_oracle,regret_frac,support_precision,support_recall,support_f1,k_dispersion_group,saturated_min,saturated_max,runtime_s,notes
D5,0,chi2_stop,0,0,0,0.9946950680518851,0.9946950680518851,0.0,1.0,1.0,1.0,D5:chi2_stop,True,False,0.001245124964043498,regret_denominator_zero
D5,0,forward_stop,0,0,0,0.9946950680518851,0.9946950680518851,0.0,1.0,1.0,1.0,D5:forward_stop,True,False,0.0006845419993624091,regret_denominator_zero
D5,0,perm_gap,1,0,0,0.99725705182274,0.9946950680518851,nan,0.0,1.0,0.0,D5:perm_gap,False,False,0.08526754204649478,regret_denominator_zero
D5,0,knockoff_path,0,0,0,0.9946950680518851,0.9946950680518851,0.0,1.0,1.0,1.0,D5:knockoff_path,True,False,0.07544687495101243,regret_denominator_zero
D5,0,penalized/ebic,1,0,0,0.99725705182274,0.9946950680518851,nan,0.0,1.0,0.0,D5:penalized/ebic,False,False,0.0005195839330554008,regret_denominator_zero
D5,1,chi2_stop,0,0,0,0.9985170566032374,0.9985170566032374,0.0,1.0,1.0,1.0,D5:chi2_stop,True,False,0.0010105828987434506,regret_denominator_zero
D5,1,forward_stop,0,0,0,0.9985170566032374,0.9985170566032374,0.0,1.0,1.0,1.0,D5:forward_stop,True,False,0.001035165973007679,regret_denominator_zero
D5,1,perm_gap,0,0,0,0.9985170566032374,0.9985170566032374,0.0,1.0,1.0,1.0,D5:perm_gap,True,False,0.09058449999429286,regret_denominator_zero
D5,1,knockoff_path,8,0,0,1.0081714701255382,0.9985170566032374,nan,0.0,1.0,0.0,D5:knockoff_path,False,False,0.0776649999897927,regret_denominator_zero
D5,1,penalized/ebic,0,0,0,0.9985170566032374,0.9985170566032374,0.0,1.0,1.0,1.0,D5:penalized/ebic,True,False,0.00045237503945827484,regret_denominator_zero
D5,2,chi2_stop,0,0,0,1.0060569430565738,1.0060569430565738,0.0,1.0,1.0,1.0,D5:chi2_stop,True,False,0.0008256660075858235,regret_denominator_zero
D5,2,forward_stop,0,0,0,1.0060569430565738,1.0060569430565738,0.0,1.0,1.0,1.0,D5:forward_stop,True,False,0.0007288339547812939,regret_denominator_zero
D5,2,perm_gap,0,0,0,1.0060569430565738,1.0060569430565738,0.0,1.0,1.0,1.0,D5:perm_gap,True,False,0.08906250004656613,regret_denominator_zero
D5,2,knockoff_path,0,0,0,1.0060569430565738,1.0060569430565738,0.0,1.0,1.0,1.0,D5:knockoff_path,True,False,0.07185408298391849,regret_denominator_zero
D5,2,penalized/ebic,1,0,0,1.0084937139576298,1.0060569430565738,nan,0.0,1.0,0.0,D5:penalized/ebic,False,False,0.0003774160286411643,regret_denominator_zero
D5,3,chi2_stop,0,0,0,1.005916106998069,1.005916106998069,0.0,1.0,1.0,1.0,D5:chi2_stop,True,False,0.001235084026120603,regret_denominator_zero
D5,3,forward_stop,0,0,0,1.005916106998069,1.005916106998069,0.0,1.0,1.0,1.0,D5:forward_stop,True,False,0.0006982909981161356,regret_denominator_zero
D5,3,perm_gap,0,0,0,1.005916106998069,1.005916106998069,0.0,1.0,1.0,1.0,D5:perm_gap,True,False,0.09242866595741361,regret_denominator_zero
D5,3,knockoff_path,0,0,0,1.005916106998069,1.005916106998069,0.0,1.0,1.0,1.0,D5:knockoff_path,True,False,0.08909887506160885,regret_denominator_zero
D5,3,penalized/ebic,0,0,0,1.005916106998069,1.005916106998069,0.0,1.0,1.0,1.0,D5:penalized/ebic,True,False,0.0004223750438541174,regret_denominator_zero
D5,4,chi2_stop,0,0,0,0.992230842529367,0.992230842529367,0.0,1.0,1.0,1.0,D5:chi2_stop,True,False,0.0009527499787509441,regret_denominator_zero
D5,4,forward_stop,0,0,0,0.992230842529367,0.992230842529367,0.0,1.0,1.0,1.0,D5:forward_stop,True,False,0.0007360829040408134,regret_denominator_zero
D5,4,perm_gap,0,0,0,0.992230842529367,0.992230842529367,0.0,1.0,1.0,1.0,D5:perm_gap,True,False,0.0906231669941917,regret_denominator_zero
D5,4,knockoff_path,0,0,0,0.992230842529367,0.992230842529367,0.0,1.0,1.0,1.0,D5:knockoff_path,True,False,0.07280837500002235,regret_denominator_zero
D5,4,penalized/ebic,0,0,0,0.992230842529367,0.992230842529367,0.0,1.0,1.0,1.0,D5:penalized/ebic,True,False,0.00034312508068978786,regret_denominator_zero
D5,5,chi2_stop,0,0,0,0.9962681582808715,0.9962681582808715,0.0,1.0,1.0,1.0,D5:chi2_stop,True,False,0.0010322090238332748,regret_denominator_zero
D5,5,forward_stop,0,0,0,0.9962681582808715,0.9962681582808715,0.0,1.0,1.0,1.0,D5:forward_stop,True,False,0.0016531669534742832,regret_denominator_zero
D5,5,perm_gap,0,0,0,0.9962681582808715,0.9962681582808715,0.0,1.0,1.0,1.0,D5:perm_gap,True,False,0.10497533297166228,regret_denominator_zero
D5,5,knockoff_path,0,0,0,0.9962681582808715,0.9962681582808715,0.0,1.0,1.0,1.0,D5:knockoff_path,True,False,0.09032800002023578,regret_denominator_zero
D5,5,penalized/ebic,0,0,0,0.9962681582808715,0.9962681582808715,0.0,1.0,1.0,1.0,D5:penalized/ebic,True,False,0.0005700830370187759,regret_denominator_zero
D5,6,chi2_stop,0,0,0,1.0006381245662186,1.0006381245662186,0.0,1.0,1.0,1.0,D5:chi2_stop,True,False,0.0007807089714333415,regret_denominator_zero
D5,6,forward_stop,0,0,0,1.0006381245662186,1.0006381245662186,0.0,1.0,1.0,1.0,D5:forward_stop,True,False,0.0006020829314365983,regret_denominator_zero
D5,6,perm_gap,0,0,0,1.0006381245662186,1.0006381245662186,0.0,1.0,1.0,1.0,D5:perm_gap,True,False,0.0844764580251649,regret_denominator_zero
D5,6,knockoff_path,0,0,0,1.0006381245662186,1.0006381245662186,0.0,1.0,1.0,1.0,D5:knockoff_path,True,False,0.0742667920421809,regret_denominator_zero
D5,6,penalized/ebic,0,0,0,1.0006381245662186,1.0006381245662186,0.0,1.0,1.0,1.0,D5:penalized/ebic,True,False,0.00036616704892367125,regret_denominator_zero
D5,7,chi2_stop,0,0,0,0.9991125385100124,0.9991125385100124,0.0,1.0,1.0,1.0,D5:chi2_stop,True,False,0.0010998750803992152,regret_denominator_zero
D5,7,forward_stop,0,0,0,0.9991125385100124,0.9991125385100124,0.0,1.0,1.0,1.0,D5:forward_stop,True,False,0.0020861669909209013,regret_denominator_zero
D5,7,perm_gap,0,0,0,0.9991125385100124,0.9991125385100124,0.0,1.0,1.0,1.0,D5:perm_gap,True,False,0.10272462491411716,regret_denominator_zero
D5,7,knockoff_path,0,0,0,0.9991125385100124,0.9991125385100124,0.0,1.0,1.0,1.0,D5:knockoff_path,True,False,0.08548245904967189,regret_denominator_zero
D5,7,penalized/ebic,0,0,0,0.9991125385100124,0.9991125385100124,0.0,1.0,1.0,1.0,D5:penalized/ebic,True,False,0.00046108406968414783,regret_denominator_zero
D5,8,chi2_stop,0,0,0,1.0055153383495634,1.0055153383495634,0.0,1.0,1.0,1.0,D5:chi2_stop,True,False,0.0008435830241069198,regret_denominator_zero
D5,8,forward_stop,0,0,0,1.0055153383495634,1.0055153383495634,0.0,1.0,1.0,1.0,D5:forward_stop,True,False,0.000616749981418252,regret_denominator_zero
D5,8,perm_gap,0,0,0,1.0055153383495634,1.0055153383495634,0.0,1.0,1.0,1.0,D5:perm_gap,True,False,0.10301600000821054,regret_denominator_zero
D5,8,knockoff_path,0,0,0,1.0055153383495634,1.0055153383495634,0.0,1.0,1.0,1.0,D5:knockoff_path,True,False,0.08179600001312792,regret_denominator_zero
D5,8,penalized/ebic,1,0,0,1.0081517284395745,1.0055153383495634,nan,0.0,1.0,0.0,D5:penalized/ebic,False,False,0.0003534170100465417,regret_denominator_zero
D5,9,chi2_stop,0,0,0,1.001031762820273,1.001031762820273,0.0,1.0,1.0,1.0,D5:chi2_stop,True,False,0.0009760410757735372,regret_denominator_zero
D5,9,forward_stop,0,0,0,1.001031762820273,1.001031762820273,0.0,1.0,1.0,1.0,D5:forward_stop,True,False,0.0011399160139262676,regret_denominator_zero
D5,9,perm_gap,0,0,0,1.001031762820273,1.001031762820273,0.0,1.0,1.0,1.0,D5:perm_gap,True,False,0.09602320904377848,regret_denominator_zero
D5,9,knockoff_path,0,0,0,1.001031762820273,1.001031762820273,0.0,1.0,1.0,1.0,D5:knockoff_path,True,False,0.07828729192260653,regret_denominator_zero
D5,9,penalized/ebic,0,0,0,1.001031762820273,1.001031762820273,0.0,1.0,1.0,1.0,D5:penalized/ebic,True,False,0.0004240419948473573,regret_denominator_zero
D5,10,chi2_stop,0,0,0,0.9962601176076818,0.9962601176076818,0.0,1.0,1.0,1.0,D5:chi2_stop,True,False,0.0013477919856086373,regret_denominator_zero
D5,10,forward_stop,0,0,0,0.9962601176076818,0.9962601176076818,0.0,1.0,1.0,1.0,D5:forward_stop,True,False,0.0007114579202607274,regret_denominator_zero
D5,10,perm_gap,0,0,0,0.9962601176076818,0.9962601176076818,0.0,1.0,1.0,1.0,D5:perm_gap,True,False,0.09520491701550782,regret_denominator_zero
D5,10,knockoff_path,0,0,0,0.9962601176076818,0.9962601176076818,0.0,1.0,1.0,1.0,D5:knockoff_path,True,False,0.07307825004681945,regret_denominator_zero
D5,10,penalized/ebic,0,0,0,0.9962601176076818,0.9962601176076818,0.0,1.0,1.0,1.0,D5:penalized/ebic,True,False,0.00035812496207654476,regret_denominator_zero
D5,11,chi2_stop,0,0,0,0.9921527229467274,0.9921527229467274,0.0,1.0,1.0,1.0,D5:chi2_stop,True,False,0.0008424170082435012,regret_denominator_zero
D5,11,forward_stop,0,0,0,0.9921527229467274,0.9921527229467274,0.0,1.0,1.0,1.0,D5:forward_stop,True,False,0.0006165829254314303,regret_denominator_zero
D5,11,perm_gap,0,0,0,0.9921527229467274,0.9921527229467274,0.0,1.0,1.0,1.0,D5:perm_gap,True,False,0.08916491700801998,regret_denominator_zero
D5,11,knockoff_path,0,0,0,0.9921527229467274,0.9921527229467274,0.0,1.0,1.0,1.0,D5:knockoff_path,True,False,0.08413049997761846,regret_denominator_zero
D5,11,penalized/ebic,0,0,0,0.9921527229467274,0.9921527229467274,0.0,1.0,1.0,1.0,D5:penalized/ebic,True,False,0.0003777920501306653,regret_denominator_zero
D5,12,chi2_stop,0,0,0,1.003736477258154,1.003736477258154,0.0,1.0,1.0,1.0,D5:chi2_stop,True,False,0.0007618330419063568,regret_denominator_zero
D5,12,forward_stop,0,0,0,1.003736477258154,1.003736477258154,0.0,1.0,1.0,1.0,D5:forward_stop,True,False,0.0005554580129683018,regret_denominator_zero
D5,12,perm_gap,0,0,0,1.003736477258154,1.003736477258154,0.0,1.0,1.0,1.0,D5:perm_gap,True,False,0.08135108405258507,regret_denominator_zero
D5,12,knockoff_path,12,0,0,1.0194017879121409,1.003736477258154,nan,0.0,1.0,0.0,D5:knockoff_path,False,False,0.0713629579404369,regret_denominator_zero
D5,12,penalized/ebic,0,0,0,1.003736477258154,1.003736477258154,0.0,1.0,1.0,1.0,D5:penalized/ebic,True,False,0.0004337909631431103,regret_denominator_zero
D5,13,chi2_stop,0,0,0,0.9929840411564868,0.9929840411564868,0.0,1.0,1.0,1.0,D5:chi2_stop,True,False,0.0011862500105053186,regret_denominator_zero
D5,13,forward_stop,0,0,0,0.9929840411564868,0.9929840411564868,0.0,1.0,1.0,1.0,D5:forward_stop,True,False,0.0008489999454468489,regret_denominator_zero
D5,13,perm_gap,0,0,0,0.9929840411564868,0.9929840411564868,0.0,1.0,1.0,1.0,D5:perm_gap,True,False,0.1038638330064714,regret_denominator_zero
D5,13,knockoff_path,0,0,0,0.9929840411564868,0.9929840411564868,0.0,1.0,1.0,1.0,D5:knockoff_path,True,False,0.07642766600474715,regret_denominator_zero
D5,13,penalized/ebic,0,0,0,0.9929840411564868,0.9929840411564868,0.0,1.0,1.0,1.0,D5:penalized/ebic,True,False,0.00047749991063028574,regret_denominator_zero
D5,14,chi2_stop,0,0,0,0.9920055523689327,0.9920055523689327,0.0,1.0,1.0,1.0,D5:chi2_stop,True,False,0.0009166660020127892,regret_denominator_zero
D5,14,forward_stop,0,0,0,0.9920055523689327,0.9920055523689327,0.0,1.0,1.0,1.0,D5:forward_stop,True,False,0.0006180000491440296,regret_denominator_zero
D5,14,perm_gap,0,0,0,0.9920055523689327,0.9920055523689327,0.0,1.0,1.0,1.0,D5:perm_gap,True,False,0.08523004199378192,regret_denominator_zero
D5,14,knockoff_path,0,0,0,0.9920055523689327,0.9920055523689327,0.0,1.0,1.0,1.0,D5:knockoff_path,True,False,0.07355524995364249,regret_denominator_zero
D5,14,penalized/ebic,0,0,0,0.9920055523689327,0.9920055523689327,0.0,1.0,1.0,1.0,D5:penalized/ebic,True,False,0.0003297500079497695,regret_denominator_zero
D5,15,chi2_stop,0,0,0,0.9964949610819809,0.9964949610819809,0.0,1.0,1.0,1.0,D5:chi2_stop,True,False,0.000810040975920856,regret_denominator_zero
D5,15,forward_stop,0,0,0,0.9964949610819809,0.9964949610819809,0.0,1.0,1.0,1.0,D5:forward_stop,True,False,0.0005692909471690655,regret_denominator_zero
D5,15,perm_gap,0,0,0,0.9964949610819809,0.9964949610819809,0.0,1.0,1.0,1.0,D5:perm_gap,True,False,0.09253133297897875,regret_denominator_zero
D5,15,knockoff_path,0,0,0,0.9964949610819809,0.9964949610819809,0.0,1.0,1.0,1.0,D5:knockoff_path,True,False,0.08349512494169176,regret_denominator_zero
D5,15,penalized/ebic,0,0,0,0.9964949610819809,0.9964949610819809,0.0,1.0,1.0,1.0,D5:penalized/ebic,True,False,0.0006817500106990337,regret_denominator_zero
D5,16,chi2_stop,0,0,0,0.9931228759874531,0.9931228759874531,0.0,1.0,1.0,1.0,D5:chi2_stop,True,False,0.000873749959282577,regret_denominator_zero
D5,16,forward_stop,0,0,0,0.9931228759874531,0.9931228759874531,0.0,1.0,1.0,1.0,D5:forward_stop,True,False,0.000585624948143959,regret_denominator_zero
D5,16,perm_gap,0,0,0,0.9931228759874531,0.9931228759874531,0.0,1.0,1.0,1.0,D5:perm_gap,True,False,0.08380349993240088,regret_denominator_zero
D5,16,knockoff_path,0,0,0,0.9931228759874531,0.9931228759874531,0.0,1.0,1.0,1.0,D5:knockoff_path,True,False,0.07189887494314462,regret_denominator_zero
D5,16,penalized/ebic,0,0,0,0.9931228759874531,0.9931228759874531,0.0,1.0,1.0,1.0,D5:penalized/ebic,True,False,0.0003510410897433758,regret_denominator_zero
D5,17,chi2_stop,0,0,0,1.0006838484996805,1.0006838484996805,0.0,1.0,1.0,1.0,D5:chi2_stop,True,False,0.0017933750059455633,regret_denominator_zero
D5,17,forward_stop,0,0,0,1.0006838484996805,1.0006838484996805,0.0,1.0,1.0,1.0,D5:forward_stop,True,False,0.0008365829708054662,regret_denominator_zero
D5,17,perm_gap,0,0,0,1.0006838484996805,1.0006838484996805,0.0,1.0,1.0,1.0,D5:perm_gap,True,False,0.09575812506955117,regret_denominator_zero
D5,17,knockoff_path,0,0,0,1.0006838484996805,1.0006838484996805,0.0,1.0,1.0,1.0,D5:knockoff_path,True,False,0.08221837494056672,regret_denominator_zero
D5,17,penalized/ebic,0,0,0,1.0006838484996805,1.0006838484996805,0.0,1.0,1.0,1.0,D5:penalized/ebic,True,False,0.00035304203629493713,regret_denominator_zero
D5,18,chi2_stop,0,0,0,0.9967064770235584,0.9967064770235584,0.0,1.0,1.0,1.0,D5:chi2_stop,True,False,0.0012056250125169754,regret_denominator_zero
D5,18,forward_stop,0,0,0,0.9967064770235584,0.9967064770235584,0.0,1.0,1.0,1.0,D5:forward_stop,True,False,0.0008277499582618475,regret_denominator_zero
D5,18,perm_gap,0,0,0,0.9967064770235584,0.9967064770235584,0.0,1.0,1.0,1.0,D5:perm_gap,True,False,0.08949908404611051,regret_denominator_zero
D5,18,knockoff_path,0,0,0,0.9967064770235584,0.9967064770235584,0.0,1.0,1.0,1.0,D5:knockoff_path,True,False,0.07347129099071026,regret_denominator_zero
D5,18,penalized/ebic,0,0,0,0.9967064770235584,0.9967064770235584,0.0,1.0,1.0,1.0,D5:penalized/ebic,True,False,0.0003886250779032707,regret_denominator_zero
D5,19,chi2_stop,0,0,0,0.9922490059078681,0.9922490059078681,0.0,1.0,1.0,1.0,D5:chi2_stop,True,False,0.0007348749786615372,regret_denominator_zero
D5,19,forward_stop,0,0,0,0.9922490059078681,0.9922490059078681,0.0,1.0,1.0,1.0,D5:forward_stop,True,False,0.0005409999284893274,regret_denominator_zero
D5,19,perm_gap,0,0,0,0.9922490059078681,0.9922490059078681,0.0,1.0,1.0,1.0,D5:perm_gap,True,False,0.08850570791400969,regret_denominator_zero
D5,19,knockoff_path,0,0,0,0.9922490059078681,0.9922490059078681,0.0,1.0,1.0,1.0,D5:knockoff_path,True,False,0.10445441608317196,regret_denominator_zero
D5,19,penalized/ebic,0,0,0,0.9922490059078681,0.9922490059078681,0.0,1.0,1.0,1.0,D5:penalized/ebic,True,False,0.00039825006388127804,regret_denominator_zero
D5,20,chi2_stop,0,0,0,0.9994343321922402,0.9994343321922402,0.0,1.0,1.0,1.0,D5:chi2_stop,True,False,0.0007592919282615185,regret_denominator_zero
D5,20,forward_stop,0,0,0,0.9994343321922402,0.9994343321922402,0.0,1.0,1.0,1.0,D5:forward_stop,True,False,0.0006126250373199582,regret_denominator_zero
D5,20,perm_gap,0,0,0,0.9994343321922402,0.9994343321922402,0.0,1.0,1.0,1.0,D5:perm_gap,True,False,0.09942933300044388,regret_denominator_zero
D5,20,knockoff_path,0,0,0,0.9994343321922402,0.9994343321922402,0.0,1.0,1.0,1.0,D5:knockoff_path,True,False,0.07840083399787545,regret_denominator_zero
D5,20,penalized/ebic,0,0,0,0.9994343321922402,0.9994343321922402,0.0,1.0,1.0,1.0,D5:penalized/ebic,True,False,0.00036308402195572853,regret_denominator_zero
D5,21,chi2_stop,1,0,0,1.00308643281408,1.0001720394802693,nan,0.0,1.0,0.0,D5:chi2_stop,False,False,0.0011970419436693192,regret_denominator_zero
D5,21,forward_stop,1,0,0,1.00308643281408,1.0001720394802693,nan,0.0,1.0,0.0,D5:forward_stop,False,False,0.0006264169933274388,regret_denominator_zero
D5,21,perm_gap,1,0,0,1.00308643281408,1.0001720394802693,nan,0.0,1.0,0.0,D5:perm_gap,False,False,0.09019741707015783,regret_denominator_zero
D5,21,knockoff_path,0,0,0,1.0001720394802693,1.0001720394802693,0.0,1.0,1.0,1.0,D5:knockoff_path,True,False,0.08618320792447776,regret_denominator_zero
D5,21,penalized/ebic,1,0,0,1.00308643281408,1.0001720394802693,nan,0.0,1.0,0.0,D5:penalized/ebic,False,False,0.0006152079440653324,regret_denominator_zero
D5,22,chi2_stop,0,0,0,1.0073983004250326,1.0073983004250326,0.0,1.0,1.0,1.0,D5:chi2_stop,True,False,0.0007602090481668711,regret_denominator_zero
D5,22,forward_stop,0,0,0,1.0073983004250326,1.0073983004250326,0.0,1.0,1.0,1.0,D5:forward_stop,True,False,0.0006214160239323974,regret_denominator_zero
D5,22,perm_gap,0,0,0,1.0073983004250326,1.0073983004250326,0.0,1.0,1.0,1.0,D5:perm_gap,True,False,0.08823054109234363,regret_denominator_zero
D5,22,knockoff_path,0,0,0,1.0073983004250326,1.0073983004250326,0.0,1.0,1.0,1.0,D5:knockoff_path,True,False,0.07456654193811119,regret_denominator_zero
D5,22,penalized/ebic,0,0,0,1.0073983004250326,1.0073983004250326,0.0,1.0,1.0,1.0,D5:penalized/ebic,True,False,0.0003809579648077488,regret_denominator_zero
D5,23,chi2_stop,0,0,0,1.0021698744986915,1.0021698744986915,0.0,1.0,1.0,1.0,D5:chi2_stop,True,False,0.0008337498875334859,regret_denominator_zero
D5,23,forward_stop,0,0,0,1.0021698744986915,1.0021698744986915,0.0,1.0,1.0,1.0,D5:forward_stop,True,False,0.000738833099603653,regret_denominator_zero
D5,23,perm_gap,0,0,0,1.0021698744986915,1.0021698744986915,0.0,1.0,1.0,1.0,D5:perm_gap,True,False,0.09210208302829415,regret_denominator_zero
D5,23,knockoff_path,0,0,0,1.0021698744986915,1.0021698744986915,0.0,1.0,1.0,1.0,D5:knockoff_path,True,False,0.07595529104582965,regret_denominator_zero
D5,23,penalized/ebic,0,0,0,1.0021698744986915,1.0021698744986915,0.0,1.0,1.0,1.0,D5:penalized/ebic,True,False,0.00035737501457333565,regret_denominator_zero
D5,24,chi2_stop,0,0,0,1.002321028457188,1.002321028457188,0.0,1.0,1.0,1.0,D5:chi2_stop,True,False,0.0008874170016497374,regret_denominator_zero
D5,24,forward_stop,0,0,0,1.002321028457188,1.002321028457188,0.0,1.0,1.0,1.0,D5:forward_stop,True,False,0.0005863329861313105,regret_denominator_zero
D5,24,perm_gap,0,0,0,1.002321028457188,1.002321028457188,0.0,1.0,1.0,1.0,D5:perm_gap,True,False,0.08669129200279713,regret_denominator_zero
D5,24,knockoff_path,0,0,0,1.002321028457188,1.002321028457188,0.0,1.0,1.0,1.0,D5:knockoff_path,True,False,0.08466433396097273,regret_denominator_zero
D5,24,penalized/ebic,0,0,0,1.002321028457188,1.002321028457188,0.0,1.0,1.0,1.0,D5:penalized/ebic,True,False,0.00045149994548410177,regret_denominator_zero
D5,25,chi2_stop,0,0,0,1.0009188152879078,1.0009188152879078,0.0,1.0,1.0,1.0,D5:chi2_stop,True,False,0.0007469999836757779,regret_denominator_zero
D5,25,forward_stop,0,0,0,1.0009188152879078,1.0009188152879078,0.0,1.0,1.0,1.0,D5:forward_stop,True,False,0.0007414580322802067,regret_denominator_zero
D5,25,perm_gap,0,0,0,1.0009188152879078,1.0009188152879078,0.0,1.0,1.0,1.0,D5:perm_gap,True,False,0.08595279091969132,regret_denominator_zero
D5,25,knockoff_path,0,0,0,1.0009188152879078,1.0009188152879078,0.0,1.0,1.0,1.0,D5:knockoff_path,True,False,0.06770912499632686,regret_denominator_zero
D5,25,penalized/ebic,0,0,0,1.0009188152879078,1.0009188152879078,0.0,1.0,1.0,1.0,D5:penalized/ebic,True,False,0.00033554097171872854,regret_denominator_zero
D5,26,chi2_stop,0,0,0,0.9961992683171144,0.9961992683171144,0.0,1.0,1.0,1.0,D5:chi2_stop,True,False,0.0008750420529395342,regret_denominator_zero
D5,26,forward_stop,0,0,0,0.9961992683171144,0.9961992683171144,0.0,1.0,1.0,1.0,D5:forward_stop,True,False,0.0006170419510453939,regret_denominator_zero
D5,26,perm_gap,0,0,0,0.9961992683171144,0.9961992683171144,0.0,1.0,1.0,1.0,D5:perm_gap,True,False,0.08954995905514807,regret_denominator_zero
D5,26,knockoff_path,0,0,0,0.9961992683171144,0.9961992683171144,0.0,1.0,1.0,1.0,D5:knockoff_path,True,False,0.07846266601700336,regret_denominator_zero
D5,26,penalized/ebic,0,0,0,0.9961992683171144,0.9961992683171144,0.0,1.0,1.0,1.0,D5:penalized/ebic,True,False,0.0004391670227050781,regret_denominator_zero
D5,27,chi2_stop,0,0,0,1.0002387937557935,1.0002387937557935,0.0,1.0,1.0,1.0,D5:chi2_stop,True,False,0.000993874971754849,regret_denominator_zero
D5,27,forward_stop,0,0,0,1.0002387937557935,1.0002387937557935,0.0,1.0,1.0,1.0,D5:forward_stop,True,False,0.000604500062763691,regret_denominator_zero
D5,27,perm_gap,0,0,0,1.0002387937557935,1.0002387937557935,0.0,1.0,1.0,1.0,D5:perm_gap,True,False,0.09191541594918817,regret_denominator_zero
D5,27,knockoff_path,0,0,0,1.0002387937557935,1.0002387937557935,0.0,1.0,1.0,1.0,D5:knockoff_path,True,False,0.07263895799405873,regret_denominator_zero
D5,27,penalized/ebic,0,0,0,1.0002387937557935,1.0002387937557935,0.0,1.0,1.0,1.0,D5:penalized/ebic,True,False,0.00039287505205720663,regret_denominator_zero
D5,28,chi2_stop,0,0,0,0.9920591431287161,0.9920591431287161,0.0,1.0,1.0,1.0,D5:chi2_stop,True,False,0.0007630420150235295,regret_denominator_zero
D5,28,forward_stop,0,0,0,0.9920591431287161,0.9920591431287161,0.0,1.0,1.0,1.0,D5:forward_stop,True,False,0.0005764999659731984,regret_denominator_zero
D5,28,perm_gap,0,0,0,0.9920591431287161,0.9920591431287161,0.0,1.0,1.0,1.0,D5:perm_gap,True,False,0.0983657909091562,regret_denominator_zero
D5,28,knockoff_path,0,0,0,0.9920591431287161,0.9920591431287161,0.0,1.0,1.0,1.0,D5:knockoff_path,True,False,0.07455625000875443,regret_denominator_zero
D5,28,penalized/ebic,0,0,0,0.9920591431287161,0.9920591431287161,0.0,1.0,1.0,1.0,D5:penalized/ebic,True,False,0.0003563750069588423,regret_denominator_zero
D5,29,chi2_stop,0,0,0,1.0069495511676405,1.0069495511676405,0.0,1.0,1.0,1.0,D5:chi2_stop,True,False,0.0008079999824985862,regret_denominator_zero
D5,29,forward_stop,0,0,0,1.0069495511676405,1.0069495511676405,0.0,1.0,1.0,1.0,D5:forward_stop,True,False,0.000604041968472302,regret_denominator_zero
D5,29,perm_gap,0,0,0,1.0069495511676405,1.0069495511676405,0.0,1.0,1.0,1.0,D5:perm_gap,True,False,0.08764975005760789,regret_denominator_zero
D5,29,knockoff_path,0,0,0,1.0069495511676405,1.0069495511676405,0.0,1.0,1.0,1.0,D5:knockoff_path,True,False,0.0726700829109177,regret_denominator_zero
D5,29,penalized/ebic,0,0,0,1.0069495511676405,1.0069495511676405,0.0,1.0,1.0,1.0,D5:penalized/ebic,True,False,0.00034075009170919657,regret_denominator_zero
D5,30,chi2_stop,0,0,0,1.0025922075426899,1.0025922075426899,0.0,1.0,1.0,1.0,D5:chi2_stop,True,False,0.0007885409286245704,regret_denominator_zero
D5,30,forward_stop,0,0,0,1.0025922075426899,1.0025922075426899,0.0,1.0,1.0,1.0,D5:forward_stop,True,False,0.0005909170722588897,regret_denominator_zero
D5,30,perm_gap,0,0,0,1.0025922075426899,1.0025922075426899,0.0,1.0,1.0,1.0,D5:perm_gap,True,False,0.07745741703547537,regret_denominator_zero
D5,30,knockoff_path,0,0,0,1.0025922075426899,1.0025922075426899,0.0,1.0,1.0,1.0,D5:knockoff_path,True,False,0.0803952079731971,regret_denominator_zero
D5,30,penalized/ebic,0,0,0,1.0025922075426899,1.0025922075426899,0.0,1.0,1.0,1.0,D5:penalized/ebic,True,False,0.0003547499654814601,regret_denominator_zero
D5,31,chi2_stop,1,0,0,1.006433012578104,1.0024916286130925,nan,0.0,1.0,0.0,D5:chi2_stop,False,False,0.0008633329998701811,regret_denominator_zero
D5,31,forward_stop,1,0,0,1.006433012578104,1.0024916286130925,nan,0.0,1.0,0.0,D5:forward_stop,False,False,0.0006272500613704324,regret_denominator_zero
D5,31,perm_gap,1,0,0,1.006433012578104,1.0024916286130925,nan,0.0,1.0,0.0,D5:perm_gap,False,False,0.09368033311329782,regret_denominator_zero
D5,31,knockoff_path,0,0,0,1.0024916286130925,1.0024916286130925,0.0,1.0,1.0,1.0,D5:knockoff_path,True,False,0.07570395804941654,regret_denominator_zero
D5,31,penalized/ebic,1,0,0,1.006433012578104,1.0024916286130925,nan,0.0,1.0,0.0,D5:penalized/ebic,False,False,0.00034366606269031763,regret_denominator_zero
D5,32,chi2_stop,0,0,0,1.0069394856096612,1.0069394856096612,0.0,1.0,1.0,1.0,D5:chi2_stop,True,False,0.0007705839816480875,regret_denominator_zero
D5,32,forward_stop,0,0,0,1.0069394856096612,1.0069394856096612,0.0,1.0,1.0,1.0,D5:forward_stop,True,False,0.0005563750164583325,regret_denominator_zero
D5,32,perm_gap,0,0,0,1.0069394856096612,1.0069394856096612,0.0,1.0,1.0,1.0,D5:perm_gap,True,False,0.09984258294571191,regret_denominator_zero
D5,32,knockoff_path,0,0,0,1.0069394856096612,1.0069394856096612,0.0,1.0,1.0,1.0,D5:knockoff_path,True,False,0.07988512504380196,regret_denominator_zero
D5,32,penalized/ebic,0,0,0,1.0069394856096612,1.0069394856096612,0.0,1.0,1.0,1.0,D5:penalized/ebic,True,False,0.0003717500949278474,regret_denominator_zero
D5,33,chi2_stop,0,0,0,1.0070948341402113,1.0070948341402113,0.0,1.0,1.0,1.0,D5:chi2_stop,True,False,0.0009912910172715783,regret_denominator_zero
D5,33,forward_stop,0,0,0,1.0070948341402113,1.0070948341402113,0.0,1.0,1.0,1.0,D5:forward_stop,True,False,0.0006392920622602105,regret_denominator_zero
D5,33,perm_gap,0,0,0,1.0070948341402113,1.0070948341402113,0.0,1.0,1.0,1.0,D5:perm_gap,True,False,0.10343675001058728,regret_denominator_zero
D5,33,knockoff_path,0,0,0,1.0070948341402113,1.0070948341402113,0.0,1.0,1.0,1.0,D5:knockoff_path,True,False,0.07293604104779661,regret_denominator_zero
D5,33,penalized/ebic,0,0,0,1.0070948341402113,1.0070948341402113,0.0,1.0,1.0,1.0,D5:penalized/ebic,True,False,0.00036070903297513723,regret_denominator_zero
D5,34,chi2_stop,0,0,0,0.9970343406759473,0.9970343406759473,0.0,1.0,1.0,1.0,D5:chi2_stop,True,False,0.0011772910365834832,regret_denominator_zero
D5,34,forward_stop,0,0,0,0.9970343406759473,0.9970343406759473,0.0,1.0,1.0,1.0,D5:forward_stop,True,False,0.001422083005309105,regret_denominator_zero
D5,34,perm_gap,0,0,0,0.9970343406759473,0.9970343406759473,0.0,1.0,1.0,1.0,D5:perm_gap,True,False,0.12186424992978573,regret_denominator_zero
D5,34,knockoff_path,0,0,0,0.9970343406759473,0.9970343406759473,0.0,1.0,1.0,1.0,D5:knockoff_path,True,False,0.08255533303599805,regret_denominator_zero
D5,34,penalized/ebic,0,0,0,0.9970343406759473,0.9970343406759473,0.0,1.0,1.0,1.0,D5:penalized/ebic,True,False,0.00038066692650318146,regret_denominator_zero
D5,35,chi2_stop,0,0,0,1.0019008131281781,1.0019008131281781,0.0,1.0,1.0,1.0,D5:chi2_stop,True,False,0.0007843340281397104,regret_denominator_zero
D5,35,forward_stop,0,0,0,1.0019008131281781,1.0019008131281781,0.0,1.0,1.0,1.0,D5:forward_stop,True,False,0.0006129579851403832,regret_denominator_zero
D5,35,perm_gap,0,0,0,1.0019008131281781,1.0019008131281781,0.0,1.0,1.0,1.0,D5:perm_gap,True,False,0.09036658296827227,regret_denominator_zero
D5,35,knockoff_path,5,0,0,1.0106264232954096,1.0019008131281781,nan,0.0,1.0,0.0,D5:knockoff_path,False,False,0.07697879092302173,regret_denominator_zero
D5,35,penalized/ebic,0,0,0,1.0019008131281781,1.0019008131281781,0.0,1.0,1.0,1.0,D5:penalized/ebic,True,False,0.0003815409727394581,regret_denominator_zero
D5,36,chi2_stop,0,0,0,0.9989388077627886,0.9989388077627886,0.0,1.0,1.0,1.0,D5:chi2_stop,True,False,0.0009894169634208083,regret_denominator_zero
D5,36,forward_stop,0,0,0,0.9989388077627886,0.9989388077627886,0.0,1.0,1.0,1.0,D5:forward_stop,True,False,0.000703957979567349,regret_denominator_zero
D5,36,perm_gap,0,0,0,0.9989388077627886,0.9989388077627886,0.0,1.0,1.0,1.0,D5:perm_gap,True,False,0.10160200006794184,regret_denominator_zero
D5,36,knockoff_path,0,0,0,0.9989388077627886,0.9989388077627886,0.0,1.0,1.0,1.0,D5:knockoff_path,True,False,0.08597866597119719,regret_denominator_zero
D5,36,penalized/ebic,0,0,0,0.9989388077627886,0.9989388077627886,0.0,1.0,1.0,1.0,D5:penalized/ebic,True,False,0.00038162502460181713,regret_denominator_zero
D5,37,chi2_stop,0,0,0,0.9980470868474887,0.9980470868474887,0.0,1.0,1.0,1.0,D5:chi2_stop,True,False,0.0009370840853080153,regret_denominator_zero
D5,37,forward_stop,0,0,0,0.9980470868474887,0.9980470868474887,0.0,1.0,1.0,1.0,D5:forward_stop,True,False,0.0006268329452723265,regret_denominator_zero
D5,37,perm_gap,0,0,0,0.9980470868474887,0.9980470868474887,0.0,1.0,1.0,1.0,D5:perm_gap,True,False,0.0899148330790922,regret_denominator_zero
D5,37,knockoff_path,0,0,0,0.9980470868474887,0.9980470868474887,0.0,1.0,1.0,1.0,D5:knockoff_path,True,False,0.0728330840356648,regret_denominator_zero
D5,37,penalized/ebic,0,0,0,0.9980470868474887,0.9980470868474887,0.0,1.0,1.0,1.0,D5:penalized/ebic,True,False,0.00047933298628777266,regret_denominator_zero
D5,38,chi2_stop,0,0,0,1.0040828246127724,1.0040828246127724,0.0,1.0,1.0,1.0,D5:chi2_stop,True,False,0.0009865410393103957,regret_denominator_zero
D5,38,forward_stop,0,0,0,1.0040828246127724,1.0040828246127724,0.0,1.0,1.0,1.0,D5:forward_stop,True,False,0.0011300420155748725,regret_denominator_zero
D5,38,perm_gap,0,0,0,1.0040828246127724,1.0040828246127724,0.0,1.0,1.0,1.0,D5:perm_gap,True,False,0.1129338750615716,regret_denominator_zero
D5,38,knockoff_path,0,0,0,1.0040828246127724,1.0040828246127724,0.0,1.0,1.0,1.0,D5:knockoff_path,True,False,0.08314570900984108,regret_denominator_zero
D5,38,penalized/ebic,0,0,0,1.0040828246127724,1.0040828246127724,0.0,1.0,1.0,1.0,D5:penalized/ebic,True,False,0.00036087504122406244,regret_denominator_zero
D5,39,chi2_stop,0,0,0,1.000656723109839,1.000656723109839,0.0,1.0,1.0,1.0,D5:chi2_stop,True,False,0.0011702500050887465,regret_denominator_zero
D5,39,forward_stop,0,0,0,1.000656723109839,1.000656723109839,0.0,1.0,1.0,1.0,D5:forward_stop,True,False,0.0007252499926835299,regret_denominator_zero
D5,39,perm_gap,0,0,0,1.000656723109839,1.000656723109839,0.0,1.0,1.0,1.0,D5:perm_gap,True,False,0.11135533393826336,regret_denominator_zero
D5,39,knockoff_path,8,0,0,1.011083071673354,1.000656723109839,nan,0.0,1.0,0.0,D5:knockoff_path,False,False,0.09374300006311387,regret_denominator_zero
D5,39,penalized/ebic,0,0,0,1.000656723109839,1.000656723109839,0.0,1.0,1.0,1.0,D5:penalized/ebic,True,False,0.0006559159373864532,regret_denominator_zero
D5,40,chi2_stop,0,0,0,0.9982042305326019,0.9982042305326019,0.0,1.0,1.0,1.0,D5:chi2_stop,True,False,0.0009585829684510827,regret_denominator_zero
D5,40,forward_stop,0,0,0,0.9982042305326019,0.9982042305326019,0.0,1.0,1.0,1.0,D5:forward_stop,True,False,0.0007677499670535326,regret_denominator_zero
D5,40,perm_gap,0,0,0,0.9982042305326019,0.9982042305326019,0.0,1.0,1.0,1.0,D5:perm_gap,True,False,0.10740804101806134,regret_denominator_zero
D5,40,knockoff_path,0,0,0,0.9982042305326019,0.9982042305326019,0.0,1.0,1.0,1.0,D5:knockoff_path,True,False,0.09346300002653152,regret_denominator_zero
D5,40,penalized/ebic,1,0,0,1.0003360198968754,0.9982042305326019,nan,0.0,1.0,0.0,D5:penalized/ebic,False,False,0.0004359170561656356,regret_denominator_zero
D5,41,chi2_stop,0,0,0,1.0038985296170502,1.0038985296170502,0.0,1.0,1.0,1.0,D5:chi2_stop,True,False,0.0009423750452697277,regret_denominator_zero
D5,41,forward_stop,0,0,0,1.0038985296170502,1.0038985296170502,0.0,1.0,1.0,1.0,D5:forward_stop,True,False,0.0006447499617934227,regret_denominator_zero
D5,41,perm_gap,0,0,0,1.0038985296170502,1.0038985296170502,0.0,1.0,1.0,1.0,D5:perm_gap,True,False,0.10084220801945776,regret_denominator_zero
D5,41,knockoff_path,5,0,0,1.0093669891562762,1.0038985296170502,nan,0.0,1.0,0.0,D5:knockoff_path,False,False,0.08540099998936057,regret_denominator_zero
D5,41,penalized/ebic,0,0,0,1.0038985296170502,1.0038985296170502,0.0,1.0,1.0,1.0,D5:penalized/ebic,True,False,0.0004343749023973942,regret_denominator_zero
D5,42,chi2_stop,0,0,0,0.9872405398031375,0.9872405398031375,0.0,1.0,1.0,1.0,D5:chi2_stop,True,False,0.0007986250566318631,regret_denominator_zero
D5,42,forward_stop,0,0,0,0.9872405398031375,0.9872405398031375,0.0,1.0,1.0,1.0,D5:forward_stop,True,False,0.0006155830342322588,regret_denominator_zero
D5,42,perm_gap,2,0,0,0.991916714996215,0.9872405398031375,nan,0.0,1.0,0.0,D5:perm_gap,False,False,0.08726399997249246,regret_denominator_zero
D5,42,knockoff_path,0,0,0,0.9872405398031375,0.9872405398031375,0.0,1.0,1.0,1.0,D5:knockoff_path,True,False,0.08442404202651232,regret_denominator_zero
D5,42,penalized/ebic,1,0,0,0.9898180082019892,0.9872405398031375,nan,0.0,1.0,0.0,D5:penalized/ebic,False,False,0.00040074996650218964,regret_denominator_zero
D5,43,chi2_stop,0,0,0,1.0019263262808789,1.0019263262808789,0.0,1.0,1.0,1.0,D5:chi2_stop,True,False,0.0008586249314248562,regret_denominator_zero
D5,43,forward_stop,0,0,0,1.0019263262808789,1.0019263262808789,0.0,1.0,1.0,1.0,D5:forward_stop,True,False,0.000611291965469718,regret_denominator_zero
D5,43,perm_gap,0,0,0,1.0019263262808789,1.0019263262808789,0.0,1.0,1.0,1.0,D5:perm_gap,True,False,0.0880766250193119,regret_denominator_zero
D5,43,knockoff_path,0,0,0,1.0019263262808789,1.0019263262808789,0.0,1.0,1.0,1.0,D5:knockoff_path,True,False,0.07391204102896154,regret_denominator_zero
D5,43,penalized/ebic,0,0,0,1.0019263262808789,1.0019263262808789,0.0,1.0,1.0,1.0,D5:penalized/ebic,True,False,0.0003737909719347954,regret_denominator_zero
D5,44,chi2_stop,0,0,0,1.0053131162542461,1.0053131162542461,0.0,1.0,1.0,1.0,D5:chi2_stop,True,False,0.0007895829621702433,regret_denominator_zero
D5,44,forward_stop,0,0,0,1.0053131162542461,1.0053131162542461,0.0,1.0,1.0,1.0,D5:forward_stop,True,False,0.0005572090158239007,regret_denominator_zero
D5,44,perm_gap,0,0,0,1.0053131162542461,1.0053131162542461,0.0,1.0,1.0,1.0,D5:perm_gap,True,False,0.08946104196365923,regret_denominator_zero
D5,44,knockoff_path,0,0,0,1.0053131162542461,1.0053131162542461,0.0,1.0,1.0,1.0,D5:knockoff_path,True,False,0.09300183306913823,regret_denominator_zero
D5,44,penalized/ebic,0,0,0,1.0053131162542461,1.0053131162542461,0.0,1.0,1.0,1.0,D5:penalized/ebic,True,False,0.0003566249506548047,regret_denominator_zero
D5,45,chi2_stop,0,0,0,1.0064225104295061,1.0064225104295061,0.0,1.0,1.0,1.0,D5:chi2_stop,True,False,0.0008669999660924077,regret_denominator_zero
D5,45,forward_stop,0,0,0,1.0064225104295061,1.0064225104295061,0.0,1.0,1.0,1.0,D5:forward_stop,True,False,0.0006443749880418181,regret_denominator_zero
D5,45,perm_gap,0,0,0,1.0064225104295061,1.0064225104295061,0.0,1.0,1.0,1.0,D5:perm_gap,True,False,0.10510541603434831,regret_denominator_zero
D5,45,knockoff_path,0,0,0,1.0064225104295061,1.0064225104295061,0.0,1.0,1.0,1.0,D5:knockoff_path,True,False,0.09270533302333206,regret_denominator_zero
D5,45,penalized/ebic,0,0,0,1.0064225104295061,1.0064225104295061,0.0,1.0,1.0,1.0,D5:penalized/ebic,True,False,0.000379708013497293,regret_denominator_zero
D5,46,chi2_stop,0,0,0,0.9989172785752224,0.9989172785752224,0.0,1.0,1.0,1.0,D5:chi2_stop,True,False,0.0009031669469550252,regret_denominator_zero
D5,46,forward_stop,0,0,0,0.9989172785752224,0.9989172785752224,0.0,1.0,1.0,1.0,D5:forward_stop,True,False,0.001061541959643364,regret_denominator_zero
D5,46,perm_gap,1,0,0,1.0010106018086016,0.9989172785752224,nan,0.0,1.0,0.0,D5:perm_gap,False,False,0.10497900005429983,regret_denominator_zero
D5,46,knockoff_path,0,0,0,0.9989172785752224,0.9989172785752224,0.0,1.0,1.0,1.0,D5:knockoff_path,True,False,0.084569750004448,regret_denominator_zero
D5,46,penalized/ebic,0,0,0,0.9989172785752224,0.9989172785752224,0.0,1.0,1.0,1.0,D5:penalized/ebic,True,False,0.0003755000652745366,regret_denominator_zero
D5,47,chi2_stop,0,0,0,0.9971017177413323,0.9971017177413323,0.0,1.0,1.0,1.0,D5:chi2_stop,True,False,0.0009362080600112677,regret_denominator_zero
D5,47,forward_stop,0,0,0,0.9971017177413323,0.9971017177413323,0.0,1.0,1.0,1.0,D5:forward_stop,True,False,0.0007051670690998435,regret_denominator_zero
D5,47,perm_gap,0,0,0,0.9971017177413323,0.9971017177413323,0.0,1.0,1.0,1.0,D5:perm_gap,True,False,0.10429399996064603,regret_denominator_zero
D5,47,knockoff_path,7,0,0,1.0070530693324995,0.9971017177413323,nan,0.0,1.0,0.0,D5:knockoff_path,False,False,0.1134127089753747,regret_denominator_zero
D5,47,penalized/ebic,0,0,0,0.9971017177413323,0.9971017177413323,0.0,1.0,1.0,1.0,D5:penalized/ebic,True,False,0.0004976659547537565,regret_denominator_zero
D5,48,chi2_stop,0,0,0,1.0033334938573402,1.0033334938573402,0.0,1.0,1.0,1.0,D5:chi2_stop,True,False,0.0011170420330017805,regret_denominator_zero
D5,48,forward_stop,0,0,0,1.0033334938573402,1.0033334938573402,0.0,1.0,1.0,1.0,D5:forward_stop,True,False,0.0007507079280912876,regret_denominator_zero
D5,48,perm_gap,2,0,0,1.009193583819558,1.0033334938573402,nan,0.0,1.0,0.0,D5:perm_gap,False,False,0.09435437503270805,regret_denominator_zero
D5,48,knockoff_path,0,0,0,1.0033334938573402,1.0033334938573402,0.0,1.0,1.0,1.0,D5:knockoff_path,True,False,0.0910011250525713,regret_denominator_zero
D5,48,penalized/ebic,1,0,0,1.006708523104059,1.0033334938573402,nan,0.0,1.0,0.0,D5:penalized/ebic,False,False,0.0005120419664308429,regret_denominator_zero
D5,49,chi2_stop,0,0,0,0.9956229703134691,0.9956229703134691,0.0,1.0,1.0,1.0,D5:chi2_stop,True,False,0.0008855839259922504,regret_denominator_zero
D5,49,forward_stop,0,0,0,0.9956229703134691,0.9956229703134691,0.0,1.0,1.0,1.0,D5:forward_stop,True,False,0.0007195839425548911,regret_denominator_zero
D5,49,perm_gap,0,0,0,0.9956229703134691,0.9956229703134691,0.0,1.0,1.0,1.0,D5:perm_gap,True,False,0.09937579196412116,regret_denominator_zero
D5,49,knockoff_path,0,0,0,0.9956229703134691,0.9956229703134691,0.0,1.0,1.0,1.0,D5:knockoff_path,True,False,0.08394437492825091,regret_denominator_zero
D5,49,penalized/ebic,0,0,0,0.9956229703134691,0.9956229703134691,0.0,1.0,1.0,1.0,D5:penalized/ebic,True,False,0.0004052920266985893,regret_denominator_zero
