workload,method,n,p,k,warmup_runs,timing_repeats,p50_s,p95_s,p99_s,peak_rss_mb,million_cells_per_s,selected_count,selection_sha256,data_sha256
baseline,mrmr_classic,2000,100,10,1,7,0.001051083003403619,0.0011959212963120079,0.0012330514544737525,251.609375,190.2799297033247,10,d5ee5f28160e7d3c2a1dc8b728f964eb98216c72fa246ec06764ffe40f3049f8,6d521647062253387645c573c746def5cfbf0b7808a62fab806de8ef67688d4e
baseline,jmi_r2,2000,100,10,1,7,0.0030245840025600046,0.0032737662972067484,0.0033260860564769245,256.140625,66.12479594903637,10,dd6e1ca0c598cfde13d89d4ff9dc2123256050adbc2b3ad0cd1956ff9349a68c,6d521647062253387645c573c746def5cfbf0b7808a62fab806de8ef67688d4e
baseline,jmim_r2,2000,100,10,1,7,0.0029751670081168413,0.0032282873071380887,0.003296257469628472,259.21875,67.22311703993779,10,35947c15f39f1957969f3f62fdd5eb415484f8a32d142d78d9ca386ef20fabfc,6d521647062253387645c573c746def5cfbf0b7808a62fab806de8ef67688d4e
baseline,cefsplus,2000,100,10,1,7,0.009336499992059544,0.009756025002570822,0.009776305003324524,259.3125,21.42130350453542,10,45625840deaae8b28704ec2eecfa3a15906d2ac9dedc6e9b6fe8cec50773b198,6d521647062253387645c573c746def5cfbf0b7808a62fab806de8ef67688d4e
baseline,cefsplus_binary,2000,100,10,1,7,0.014230000000679865,0.014704204395820854,0.014717474474746268,250.34375,14.054813773046002,10,a599a38ccd2a73363bad893ea7f0a410638fe5a8c838d1860ebf5b4b023c795c,3c548ff23f399c7e6d65144c9b92165224fd0a898b664b17dfae7f00e6e6858c
baseline,fdr_relevance,2000,100,10,1,7,0.011787958006607369,0.011935362592339516,0.011941172508522868,266.078125,16.966466956184973,0,4f53cda18c2baa0c0354bb5f9a3ecbe5ed12ab4d8e11ba873c2f11161202b945,6d521647062253387645c573c746def5cfbf0b7808a62fab806de8ef67688d4e
tall,mrmr_classic,20000,100,10,1,7,0.006525500008137897,0.007206570603011641,0.00735248052777024,296.25,306.4899237615228,10,147da78a232ba562eaad6b5250d4342ff8cb5b1f7e6274e7af17467a4e7af285,682a9759b6f8a7db1075cc299fcd6c47509defd171dfbfab377e4923191d29e7
tall,jmi_r2,20000,100,10,1,7,0.01672429199970793,0.017490678695321546,0.01758086853573332,338.265625,119.58652719259672,10,5305c798c111057566ba57b55fa0bedb805c190ef5c92e9ccca44c8e5eda44e4,682a9759b6f8a7db1075cc299fcd6c47509defd171dfbfab377e4923191d29e7
tall,jmim_r2,20000,100,10,1,7,0.015342875005444512,0.01627995449671289,0.01648662449530093,333.421875,130.35366574323834,10,5305c798c111057566ba57b55fa0bedb805c190ef5c92e9ccca44c8e5eda44e4,682a9759b6f8a7db1075cc299fcd6c47509defd171dfbfab377e4923191d29e7
tall,cefsplus,20000,100,10,1,7,0.1137367909977911,0.11502583289693574,0.1152833329740679,347.140625,17.584459544307364,10,cd8ca2aabed49383a65b24a304e717193da3ab89fa3f59b5e79d60ae2819f151,682a9759b6f8a7db1075cc299fcd6c47509defd171dfbfab377e4923191d29e7
tall,cefsplus_binary,20000,100,10,1,7,0.12568858299346175,0.13443212499842047,0.1355187250021845,383.671875,15.91234424294559,10,bd5d40ec539f4be343cbb8212d233840f55459d68bc87634401e4acfcc58ab12,9c2362aea51d925681ed226f6dfce2357c006ba3bc761fece987edf85c567e14
tall,fdr_relevance,20000,100,10,1,7,0.13085695799964014,0.13272005019389327,0.13316781003290087,439.96875,15.283864385763117,0,4f53cda18c2baa0c0354bb5f9a3ecbe5ed12ab4d8e11ba873c2f11161202b945,682a9759b6f8a7db1075cc299fcd6c47509defd171dfbfab377e4923191d29e7
wide,mrmr_classic,2000,500,10,1,7,0.004047916998388246,0.004154245495737996,0.0041677154970238914,303.515625,247.0406385304266,10,ef9dd273e2f6e0ab678a8fc3abf0d586556b7c9bd49cee203eb1ecf0a8c45256,f6a1531ced16bba10a2c7500291bdb9eb889900ce24d8015c9166c94ce9eb54c
wide,jmi_r2,2000,500,10,1,7,0.006677875004243106,0.00689182869537035,0.00694079853623407,292.09375,149.74823568344758,10,f54af79a3749f99b9c2040ed149c793aa97da658cf8ad55f1c523419d9ca9d4e,f6a1531ced16bba10a2c7500291bdb9eb889900ce24d8015c9166c94ce9eb54c
wide,jmim_r2,2000,500,10,1,7,0.006559834000654519,0.0067286581062944596,0.0067416980286361654,302.421875,152.44288192357052,10,7345fa32983114e8dbebfe1570bb9180589867ca0917be91cef405db5b7d70f0,f6a1531ced16bba10a2c7500291bdb9eb889900ce24d8015c9166c94ce9eb54c
wide,cefsplus,2000,500,10,1,7,0.046064542009844445,0.046483516790613064,0.046520436947175774,347.78125,21.708671276625093,10,d96e591cafdc10b53c6fe9d9b07beec07078ab599f1b35f6765ecfb5c624bef3,f6a1531ced16bba10a2c7500291bdb9eb889900ce24d8015c9166c94ce9eb54c
wide,cefsplus_binary,2000,500,10,1,7,0.04693937499541789,0.05109986669558565,0.051948206931701865,445.453125,21.304075738068892,10,b5f8c5ab9a1ffb1a7416c59d9ab19f5f0954c129b3d2400b4af41fdf215b461e,000f356d13f7d4d28f6152768a4f8080e14e9dfb320716d73fdf14557e203433
wide,fdr_relevance,2000,500,10,1,7,0.09768641700793523,0.09850071260298136,0.09854144252662081,594.40625,10.236837736803963,0,4f53cda18c2baa0c0354bb5f9a3ecbe5ed12ab4d8e11ba873c2f11161202b945,f6a1531ced16bba10a2c7500291bdb9eb889900ce24d8015c9166c94ce9eb54c
